Model,Weight
gb_standard,1.4698051865051738
gb_more_trees,-0.07553917595651258
gb_deeper,0.13136222296434666
rf,2.4211768627956407
lr,3.2055457095439337
